
{
  "UserName": "I am user",
  "CPR": "1904994242",
  "Email": "sample@mail.com",
  "Phone": "04854213",
  "Type": "NonBuisiness",
  "Reservations": [
    {
      "Name": "Some cool facility",
      "Timeslot": "23-03-2023: 16:00 - 18:30",
      "ParticipantCpr": [
        "1910883322",
        "2009854242"
      ],
      "Note": "User booking this facility sucks. Sincerely - Gerald"
    }
  ]
},
{
  "UserName": "Rowan Stefanovic",
  "CPR": "3005891234",
  "Email": "MrStefanovic@mail.com",
  "Phone": "27927901",
  "Type": "Buisiness",
  "CVR" : "404",
  "Reservations": [
	{
      "Name": "Parky Park",
      "Timeslot": "31-12-2022: 19 - 23:59",
      "ParticipantCpr": [
        "1910883322",
        "2009854242",
		"0504030201"
      ],
      "Note": "How can you even reserve a park, anyway!?"
    },
	{
      "Name": "Runners Palace",
      "Timeslot": "20-03-2022: 18:00 - 18:30",
      "ParticipantCpr": [
        "1910883322"
      ],
      "Note": "Just wanted to experience being alone in the palace..."
    }
  ]
},
{
  "UserName": "George Washington",
  "CPR": "2304694003",
  "Email": "AmericaYeahYeYe@mail.com",
  "Phone": "04854213",
  "Type": "Buisiness",
  "CVR" : "404",
  "Reservations": [
  ]
}
]

